<?xml version="1.0" encoding="UTF-8"?>
<GlobalValueSet xmlns="http://soap.sforce.com/2006/04/metadata">
    <customValue>
        <fullName>1</fullName>
        <default>false</default>
        <label>Home</label>
    </customValue>
    <customValue>
        <fullName>2</fullName>
        <default>false</default>
        <label>Mailing</label>
    </customValue>
    <customValue>
        <fullName>Work</fullName>
        <default>false</default>
        <label>Work</label>
    </customValue>
    <customValue>
        <fullName>3</fullName>
        <default>false</default>
        <label>Other</label>
    </customValue>
    <masterLabel>Address Type</masterLabel>
    <sorted>false</sorted>
</GlobalValueSet>
