<?xml version="1.0" encoding="UTF-8"?>
<GlobalValueSet xmlns="http://soap.sforce.com/2006/04/metadata">
    <customValue>
        <fullName>1</fullName>
        <default>false</default>
        <label>Adams</label>
    </customValue>
    <customValue>
        <fullName>2</fullName>
        <default>true</default>
        <label>Allegheny</label>
    </customValue>
    <customValue>
        <fullName>3</fullName>
        <default>false</default>
        <label>Armstrong </label>
    </customValue>
    <customValue>
        <fullName>4</fullName>
        <default>false</default>
        <label>Beaver </label>
    </customValue>
    <customValue>
        <fullName>5</fullName>
        <default>false</default>
        <label>Bedford </label>
    </customValue>
    <customValue>
        <fullName>6</fullName>
        <default>false</default>
        <label>Berks </label>
    </customValue>
    <customValue>
        <fullName>7</fullName>
        <default>false</default>
        <label>Blair </label>
    </customValue>
    <customValue>
        <fullName>8</fullName>
        <default>false</default>
        <label>Bradford </label>
    </customValue>
    <customValue>
        <fullName>9</fullName>
        <default>false</default>
        <label>Bucks </label>
    </customValue>
    <customValue>
        <fullName>10</fullName>
        <default>false</default>
        <label>Butler </label>
    </customValue>
    <customValue>
        <fullName>11</fullName>
        <default>false</default>
        <label>Cambria </label>
    </customValue>
    <customValue>
        <fullName>12</fullName>
        <default>false</default>
        <label>Cameron </label>
    </customValue>
    <customValue>
        <fullName>13</fullName>
        <default>false</default>
        <label>Carbon </label>
    </customValue>
    <customValue>
        <fullName>14</fullName>
        <default>false</default>
        <label>Centre </label>
    </customValue>
    <customValue>
        <fullName>15</fullName>
        <default>false</default>
        <label>Chester </label>
    </customValue>
    <customValue>
        <fullName>16</fullName>
        <default>false</default>
        <label>Clarion </label>
    </customValue>
    <customValue>
        <fullName>17</fullName>
        <default>false</default>
        <label>Clearfield </label>
    </customValue>
    <customValue>
        <fullName>18</fullName>
        <default>false</default>
        <label>Clinton </label>
    </customValue>
    <customValue>
        <fullName>19</fullName>
        <default>false</default>
        <label>Columbia </label>
    </customValue>
    <customValue>
        <fullName>20</fullName>
        <default>false</default>
        <label>Crawford </label>
    </customValue>
    <customValue>
        <fullName>21</fullName>
        <default>false</default>
        <label>Cumberland </label>
    </customValue>
    <customValue>
        <fullName>22</fullName>
        <default>false</default>
        <label>Dauphin </label>
    </customValue>
    <customValue>
        <fullName>23</fullName>
        <default>false</default>
        <label>Delaware </label>
    </customValue>
    <customValue>
        <fullName>24</fullName>
        <default>false</default>
        <label>Elk </label>
    </customValue>
    <customValue>
        <fullName>25</fullName>
        <default>false</default>
        <label>Erie </label>
    </customValue>
    <customValue>
        <fullName>26</fullName>
        <default>false</default>
        <label>Fayette </label>
    </customValue>
    <customValue>
        <fullName>27</fullName>
        <default>false</default>
        <label>Forest </label>
    </customValue>
    <customValue>
        <fullName>28</fullName>
        <default>false</default>
        <label>Franklin </label>
    </customValue>
    <customValue>
        <fullName>29</fullName>
        <default>false</default>
        <label>Fulton </label>
    </customValue>
    <customValue>
        <fullName>30</fullName>
        <default>false</default>
        <label>Greene </label>
    </customValue>
    <customValue>
        <fullName>31</fullName>
        <default>false</default>
        <label>Huntingdon </label>
    </customValue>
    <customValue>
        <fullName>32</fullName>
        <default>false</default>
        <label>Indiana </label>
    </customValue>
    <customValue>
        <fullName>33</fullName>
        <default>false</default>
        <label>Jefferson </label>
    </customValue>
    <customValue>
        <fullName>34</fullName>
        <default>false</default>
        <label>Juniata </label>
    </customValue>
    <customValue>
        <fullName>35</fullName>
        <default>false</default>
        <label>Lackawanna </label>
    </customValue>
    <customValue>
        <fullName>36</fullName>
        <default>false</default>
        <label>Lancaster </label>
    </customValue>
    <customValue>
        <fullName>37</fullName>
        <default>false</default>
        <label>Lawrence </label>
    </customValue>
    <customValue>
        <fullName>38</fullName>
        <default>false</default>
        <label>Lebanon </label>
    </customValue>
    <customValue>
        <fullName>39</fullName>
        <default>false</default>
        <label>Lehigh </label>
    </customValue>
    <customValue>
        <fullName>40</fullName>
        <default>false</default>
        <label>Luzerne </label>
    </customValue>
    <customValue>
        <fullName>41</fullName>
        <default>false</default>
        <label>Lycoming </label>
    </customValue>
    <customValue>
        <fullName>42</fullName>
        <default>false</default>
        <label>Mckean </label>
    </customValue>
    <customValue>
        <fullName>43</fullName>
        <default>false</default>
        <label>Mercer </label>
    </customValue>
    <customValue>
        <fullName>44</fullName>
        <default>false</default>
        <label>Mifflin </label>
    </customValue>
    <customValue>
        <fullName>45</fullName>
        <default>false</default>
        <label>Monroe </label>
    </customValue>
    <customValue>
        <fullName>46</fullName>
        <default>false</default>
        <label>Montgomery </label>
    </customValue>
    <customValue>
        <fullName>47</fullName>
        <default>false</default>
        <label>Montour</label>
    </customValue>
    <customValue>
        <fullName>48</fullName>
        <default>false</default>
        <label>Northampton </label>
    </customValue>
    <customValue>
        <fullName>49</fullName>
        <default>false</default>
        <label>Northumberland </label>
    </customValue>
    <customValue>
        <fullName>50</fullName>
        <default>false</default>
        <label>Perry </label>
    </customValue>
    <customValue>
        <fullName>51</fullName>
        <default>false</default>
        <label>Philadelphia </label>
    </customValue>
    <customValue>
        <fullName>52</fullName>
        <default>false</default>
        <label>Pike </label>
    </customValue>
    <customValue>
        <fullName>53</fullName>
        <default>false</default>
        <label>Potter </label>
    </customValue>
    <customValue>
        <fullName>54</fullName>
        <default>false</default>
        <label>Schuylkill </label>
    </customValue>
    <customValue>
        <fullName>55</fullName>
        <default>false</default>
        <label>Snyder </label>
    </customValue>
    <customValue>
        <fullName>56</fullName>
        <default>false</default>
        <label>Somerset </label>
    </customValue>
    <customValue>
        <fullName>57</fullName>
        <default>false</default>
        <label>Sullivan </label>
    </customValue>
    <customValue>
        <fullName>58</fullName>
        <default>false</default>
        <label>Susquehanna </label>
    </customValue>
    <customValue>
        <fullName>59</fullName>
        <default>false</default>
        <label>Tioga </label>
    </customValue>
    <customValue>
        <fullName>60 </fullName>
        <default>false</default>
        <label>Union </label>
    </customValue>
    <customValue>
        <fullName>61</fullName>
        <default>false</default>
        <label>Venango </label>
    </customValue>
    <customValue>
        <fullName>62</fullName>
        <default>false</default>
        <label>Warren </label>
    </customValue>
    <customValue>
        <fullName>63</fullName>
        <default>false</default>
        <label>Washington </label>
    </customValue>
    <customValue>
        <fullName>64</fullName>
        <default>false</default>
        <label>Wayne </label>
    </customValue>
    <customValue>
        <fullName>65</fullName>
        <default>false</default>
        <label>Westmoreland </label>
    </customValue>
    <customValue>
        <fullName>66</fullName>
        <default>false</default>
        <label>Wyoming </label>
    </customValue>
    <customValue>
        <fullName>67</fullName>
        <default>false</default>
        <label>York </label>
    </customValue>
    <customValue>
        <fullName>99</fullName>
        <default>false</default>
        <label>Unknown</label>
    </customValue>
    <masterLabel>County</masterLabel>
    <sorted>false</sorted>
</GlobalValueSet>
