<?xml version="1.0" encoding="UTF-8"?>
<GlobalValueSet xmlns="http://soap.sforce.com/2006/04/metadata">
    <customValue>
        <fullName>1</fullName>
        <default>false</default>
        <label>Hispanic</label>
    </customValue>
    <customValue>
        <fullName>3</fullName>
        <default>false</default>
        <label>Unable to Determine</label>
    </customValue>
    <customValue>
        <fullName>2</fullName>
        <default>false</default>
        <label>Not Hispanic,  Latino Or Spanish Origin&quot;</label>
    </customValue>
    <customValue>
        <fullName>9</fullName>
        <default>false</default>
        <label>Did Not Ask</label>
    </customValue>
    <customValue>
        <fullName>5</fullName>
        <default>false</default>
        <label>Mexican, Mexican American, Chicano</label>
    </customValue>
    <customValue>
        <fullName>6</fullName>
        <default>false</default>
        <label>Puerto Rican</label>
    </customValue>
    <customValue>
        <fullName>7</fullName>
        <default>false</default>
        <label>Cuban</label>
    </customValue>
    <customValue>
        <fullName>8</fullName>
        <default>false</default>
        <label>Another Hispanic,  Latino, Or Spanish Origin&quot;</label>
    </customValue>
    <customValue>
        <fullName>10</fullName>
        <default>false</default>
        <label>Declined to Answer</label>
    </customValue>
    <masterLabel>Ethnicity</masterLabel>
    <sorted>false</sorted>
</GlobalValueSet>
