<?xml version="1.0" encoding="UTF-8"?>
<GlobalValueSet xmlns="http://soap.sforce.com/2006/04/metadata">
    <customValue>
        <fullName>1</fullName>
        <default>false</default>
        <label>Male</label>
    </customValue>
    <customValue>
        <fullName>2</fullName>
        <default>false</default>
        <label>Female</label>
    </customValue>
    <customValue>
        <fullName>4</fullName>
        <default>false</default>
        <label>Unknown</label>
    </customValue>
    <masterLabel>Gender Values</masterLabel>
    <sorted>false</sorted>
</GlobalValueSet>
