<?xml version="1.0" encoding="UTF-8"?>
<GlobalValueSet xmlns="http://soap.sforce.com/2006/04/metadata">
    <customValue>
        <fullName>1</fullName>
        <default>false</default>
        <label>MR Outpatient Services</label>
    </customValue>
    <customValue>
        <fullName>2</fullName>
        <default>false</default>
        <label>MH Residential System</label>
    </customValue>
    <customValue>
        <fullName>3</fullName>
        <default>false</default>
        <label>MR Residential System</label>
    </customValue>
    <customValue>
        <fullName>4</fullName>
        <default>false</default>
        <label>D&amp;A Residential System</label>
    </customValue>
    <customValue>
        <fullName>5</fullName>
        <default>false</default>
        <label>Unknown</label>
    </customValue>
    <customValue>
        <fullName>6</fullName>
        <default>false</default>
        <label>Hospital</label>
    </customValue>
    <customValue>
        <fullName>7</fullName>
        <default>false</default>
        <label>State system</label>
    </customValue>
    <customValue>
        <fullName>8</fullName>
        <default>false</default>
        <label>Other</label>
    </customValue>
    <customValue>
        <fullName>9</fullName>
        <default>false</default>
        <label>No Permanent Housing</label>
    </customValue>
    <customValue>
        <fullName>10</fullName>
        <default>false</default>
        <label>CYF Residential</label>
    </customValue>
    <customValue>
        <fullName>11</fullName>
        <default>false</default>
        <label>Personal Care or Other Privately Purchased Housing</label>
    </customValue>
    <customValue>
        <fullName>12</fullName>
        <default>false</default>
        <label>Nursing Home</label>
    </customValue>
    <customValue>
        <fullName>13</fullName>
        <default>false</default>
        <label>CYF Placement</label>
    </customValue>
    <customValue>
        <fullName>14</fullName>
        <default>false</default>
        <label>Independent</label>
    </customValue>
    <customValue>
        <fullName>15</fullName>
        <default>false</default>
        <label>Correctional facility</label>
    </customValue>
    <masterLabel>Housing Status</masterLabel>
    <sorted>false</sorted>
</GlobalValueSet>
