<?xml version="1.0" encoding="UTF-8"?>
<GlobalValueSet xmlns="http://soap.sforce.com/2006/04/metadata">
    <customValue>
        <fullName>8</fullName>
        <default>false</default>
        <label>Divorced Receiving Spousal Support</label>
    </customValue>
    <customValue>
        <fullName>1</fullName>
        <default>false</default>
        <label>Never Married/Single</label>
    </customValue>
    <customValue>
        <fullName>2</fullName>
        <default>false</default>
        <label>Married</label>
    </customValue>
    <customValue>
        <fullName>7</fullName>
        <default>false</default>
        <label>Spousal Support</label>
    </customValue>
    <customValue>
        <fullName>5</fullName>
        <default>false</default>
        <label>Separated</label>
    </customValue>
    <customValue>
        <fullName>6</fullName>
        <default>false</default>
        <label>Common Law/Unmarried couple</label>
    </customValue>
    <customValue>
        <fullName>3</fullName>
        <default>false</default>
        <label>Divorced</label>
    </customValue>
    <customValue>
        <fullName>4</fullName>
        <default>false</default>
        <label>Widowed</label>
    </customValue>
    <masterLabel>Marital Status</masterLabel>
    <sorted>false</sorted>
</GlobalValueSet>
