<?xml version="1.0" encoding="UTF-8"?>
<GlobalValueSet xmlns="http://soap.sforce.com/2006/04/metadata">
    <customValue>
        <fullName>1</fullName>
        <default>false</default>
        <label>Aleppo Township</label>
    </customValue>
    <customValue>
        <fullName>2</fullName>
        <default>false</default>
        <label>Allegheny Center - Pittsburgh</label>
    </customValue>
    <customValue>
        <fullName>3</fullName>
        <default>false</default>
        <label>Allegheny West - Pittsburgh</label>
    </customValue>
    <customValue>
        <fullName>4</fullName>
        <default>false</default>
        <label>Allentown - Pittsburgh</label>
    </customValue>
    <customValue>
        <fullName>5</fullName>
        <default>false</default>
        <label>Arlington - Pittsburgh</label>
    </customValue>
    <customValue>
        <fullName>6</fullName>
        <default>false</default>
        <label>Aspinwall Borough</label>
    </customValue>
    <customValue>
        <fullName>7</fullName>
        <default>false</default>
        <label>Avalon Borough</label>
    </customValue>
    <customValue>
        <fullName>8</fullName>
        <default>false</default>
        <label>Baldwin Borough</label>
    </customValue>
    <customValue>
        <fullName>9</fullName>
        <default>false</default>
        <label>Banksville - Pittsburgh</label>
    </customValue>
    <customValue>
        <fullName>10</fullName>
        <default>false</default>
        <label>Beechview - Pittsburgh</label>
    </customValue>
    <customValue>
        <fullName>11</fullName>
        <default>false</default>
        <label>Bell Acres Borough</label>
    </customValue>
    <customValue>
        <fullName>12</fullName>
        <default>false</default>
        <label>Bellevue Borough</label>
    </customValue>
    <customValue>
        <fullName>13</fullName>
        <default>false</default>
        <label>Ben Avon Borough</label>
    </customValue>
    <customValue>
        <fullName>14</fullName>
        <default>false</default>
        <label>Ben Avon Heights</label>
    </customValue>
    <customValue>
        <fullName>15</fullName>
        <default>false</default>
        <label>Bethel Park Borough</label>
    </customValue>
    <customValue>
        <fullName>16</fullName>
        <default>false</default>
        <label>Beltzhoover - Pittsburgh</label>
    </customValue>
    <customValue>
        <fullName>17</fullName>
        <default>false</default>
        <label>Blawnox Borough</label>
    </customValue>
    <customValue>
        <fullName>18</fullName>
        <default>false</default>
        <label>Bloomfield - Pittsburgh</label>
    </customValue>
    <customValue>
        <fullName>19</fullName>
        <default>false</default>
        <label>Bon Air - Pittsburgh</label>
    </customValue>
    <customValue>
        <fullName>20</fullName>
        <default>false</default>
        <label>Brackenridge Borough</label>
    </customValue>
    <customValue>
        <fullName>21</fullName>
        <default>false</default>
        <label>Braddock Borough</label>
    </customValue>
    <customValue>
        <fullName>22</fullName>
        <default>false</default>
        <label>Braddock Hills Borough</label>
    </customValue>
    <customValue>
        <fullName>23</fullName>
        <default>false</default>
        <label>Bradfordwoods Borough</label>
    </customValue>
    <customValue>
        <fullName>24</fullName>
        <default>false</default>
        <label>Brentwood Borough</label>
    </customValue>
    <customValue>
        <fullName>25</fullName>
        <default>false</default>
        <label>Bridgeville Borough</label>
    </customValue>
    <customValue>
        <fullName>26</fullName>
        <default>false</default>
        <label>Brighton Heights - Pittsburgh</label>
    </customValue>
    <customValue>
        <fullName>27</fullName>
        <default>false</default>
        <label>Brookline - Pittsburgh</label>
    </customValue>
    <customValue>
        <fullName>28</fullName>
        <default>false</default>
        <label>California-Kirkbride - Pittsburgh</label>
    </customValue>
    <customValue>
        <fullName>29</fullName>
        <default>false</default>
        <label>Carnegie Borough</label>
    </customValue>
    <customValue>
        <fullName>30</fullName>
        <default>false</default>
        <label>Carrick - Pittsburgh</label>
    </customValue>
    <customValue>
        <fullName>31</fullName>
        <default>false</default>
        <label>Castle Shannon Borough</label>
    </customValue>
    <customValue>
        <fullName>32</fullName>
        <default>false</default>
        <label>Central North Side - Pittsburgh</label>
    </customValue>
    <customValue>
        <fullName>33</fullName>
        <default>false</default>
        <label>Chalfant Borough</label>
    </customValue>
    <customValue>
        <fullName>34</fullName>
        <default>false</default>
        <label>Chartiers City</label>
    </customValue>
    <customValue>
        <fullName>35</fullName>
        <default>false</default>
        <label>Chateau - Pittsburgh</label>
    </customValue>
    <customValue>
        <fullName>36</fullName>
        <default>false</default>
        <label>Cheswick Borough</label>
    </customValue>
    <customValue>
        <fullName>37</fullName>
        <default>false</default>
        <label>Churchill Borough</label>
    </customValue>
    <customValue>
        <fullName>38</fullName>
        <default>false</default>
        <label>Clairton City</label>
    </customValue>
    <customValue>
        <fullName>39</fullName>
        <default>false</default>
        <label>Collier Township</label>
    </customValue>
    <customValue>
        <fullName>40</fullName>
        <default>false</default>
        <label>Coraopolis Borough</label>
    </customValue>
    <customValue>
        <fullName>41</fullName>
        <default>false</default>
        <label>Crafton Borough</label>
    </customValue>
    <customValue>
        <fullName>42</fullName>
        <default>false</default>
        <label>Crafton Heights - Pittsburgh</label>
    </customValue>
    <customValue>
        <fullName>43</fullName>
        <default>false</default>
        <label>Arlington Heights - Pittsburgh</label>
    </customValue>
    <customValue>
        <fullName>44</fullName>
        <default>false</default>
        <label>Crescent Township</label>
    </customValue>
    <customValue>
        <fullName>45</fullName>
        <default>false</default>
        <label>Dormont Borough</label>
    </customValue>
    <customValue>
        <fullName>46</fullName>
        <default>false</default>
        <label>Dravosburg Borough</label>
    </customValue>
    <customValue>
        <fullName>47</fullName>
        <default>false</default>
        <label>Duquesne City</label>
    </customValue>
    <customValue>
        <fullName>48</fullName>
        <default>false</default>
        <label>Duquesne Heights - Pittsburgh</label>
    </customValue>
    <customValue>
        <fullName>49</fullName>
        <default>false</default>
        <label>East Allegheny - Pittsburgh</label>
    </customValue>
    <customValue>
        <fullName>50</fullName>
        <default>false</default>
        <label>East Carnegie - Pittsburgh</label>
    </customValue>
    <customValue>
        <fullName>51</fullName>
        <default>false</default>
        <label>East Deer Township</label>
    </customValue>
    <customValue>
        <fullName>52</fullName>
        <default>false</default>
        <label>East Hills - Pittsburgh</label>
    </customValue>
    <customValue>
        <fullName>53</fullName>
        <default>false</default>
        <label>East Liberty - Pittsburgh</label>
    </customValue>
    <customValue>
        <fullName>54</fullName>
        <default>false</default>
        <label>East McKeesport Borough</label>
    </customValue>
    <customValue>
        <fullName>55</fullName>
        <default>false</default>
        <label>East Pittsburgh</label>
    </customValue>
    <customValue>
        <fullName>56</fullName>
        <default>false</default>
        <label>Edgewood Borough</label>
    </customValue>
    <customValue>
        <fullName>57</fullName>
        <default>false</default>
        <label>Edgeworth Borough</label>
    </customValue>
    <customValue>
        <fullName>58</fullName>
        <default>false</default>
        <label>Elizabeth Borough</label>
    </customValue>
    <customValue>
        <fullName>59</fullName>
        <default>false</default>
        <label>Elliott - Pittsburgh</label>
    </customValue>
    <customValue>
        <fullName>60</fullName>
        <default>false</default>
        <label>Emsworth Borough</label>
    </customValue>
    <customValue>
        <fullName>61</fullName>
        <default>false</default>
        <label>Esplen - Pittsburgh</label>
    </customValue>
    <customValue>
        <fullName>62</fullName>
        <default>false</default>
        <label>Etna Borough</label>
    </customValue>
    <customValue>
        <fullName>63</fullName>
        <default>false</default>
        <label>Fairywood - Pittsburgh</label>
    </customValue>
    <customValue>
        <fullName>64</fullName>
        <default>false</default>
        <label>Fawn Township</label>
    </customValue>
    <customValue>
        <fullName>65</fullName>
        <default>false</default>
        <label>Findlay Township</label>
    </customValue>
    <customValue>
        <fullName>66</fullName>
        <default>false</default>
        <label>Fineview - Pittsburgh</label>
    </customValue>
    <customValue>
        <fullName>67</fullName>
        <default>false</default>
        <label>Forest Hills Borough</label>
    </customValue>
    <customValue>
        <fullName>68</fullName>
        <default>false</default>
        <label>Forward Township</label>
    </customValue>
    <customValue>
        <fullName>69</fullName>
        <default>false</default>
        <label>Fox Chapel Borough</label>
    </customValue>
    <customValue>
        <fullName>70</fullName>
        <default>false</default>
        <label>Franklin Park Borough</label>
    </customValue>
    <customValue>
        <fullName>71</fullName>
        <default>false</default>
        <label>Frazer Township</label>
    </customValue>
    <customValue>
        <fullName>72</fullName>
        <default>false</default>
        <label>Friendship - Pittsburgh</label>
    </customValue>
    <customValue>
        <fullName>73</fullName>
        <default>false</default>
        <label>Garfield - Pittsburgh</label>
    </customValue>
    <customValue>
        <fullName>74</fullName>
        <default>false</default>
        <label>Glassport Borough</label>
    </customValue>
    <customValue>
        <fullName>75</fullName>
        <default>false</default>
        <label>Glen Hazel - Pittsburgh</label>
    </customValue>
    <customValue>
        <fullName>76</fullName>
        <default>false</default>
        <label>Glenfield Borough</label>
    </customValue>
    <customValue>
        <fullName>77</fullName>
        <default>false</default>
        <label>Green Tree Borough</label>
    </customValue>
    <customValue>
        <fullName>78</fullName>
        <default>false</default>
        <label>Greenfield - Pittsburgh</label>
    </customValue>
    <customValue>
        <fullName>79</fullName>
        <default>false</default>
        <label>Hampton Township</label>
    </customValue>
    <customValue>
        <fullName>80</fullName>
        <default>false</default>
        <label>Harmar Township</label>
    </customValue>
    <customValue>
        <fullName>81</fullName>
        <default>false</default>
        <label>Harrison Township</label>
    </customValue>
    <customValue>
        <fullName>82</fullName>
        <default>false</default>
        <label>Hays - Pittsburgh</label>
    </customValue>
    <customValue>
        <fullName>83</fullName>
        <default>false</default>
        <label>Haysville Borough</label>
    </customValue>
    <customValue>
        <fullName>84</fullName>
        <default>false</default>
        <label>Hazelwood - Pittsburgh</label>
    </customValue>
    <customValue>
        <fullName>85</fullName>
        <default>false</default>
        <label>Heidelberg Borough</label>
    </customValue>
    <customValue>
        <fullName>86</fullName>
        <default>false</default>
        <label>Bedford Dwellings - Pittsburgh</label>
    </customValue>
    <customValue>
        <fullName>87</fullName>
        <default>false</default>
        <label>Bluff - Pittsburgh</label>
    </customValue>
    <customValue>
        <fullName>88</fullName>
        <default>false</default>
        <label>Highland Park - Pittsburgh</label>
    </customValue>
    <customValue>
        <fullName>89</fullName>
        <default>false</default>
        <label>Homestead Borough</label>
    </customValue>
    <customValue>
        <fullName>90</fullName>
        <default>false</default>
        <label>Indiana Township</label>
    </customValue>
    <customValue>
        <fullName>91</fullName>
        <default>false</default>
        <label>Ingram Borough</label>
    </customValue>
    <customValue>
        <fullName>92</fullName>
        <default>false</default>
        <label>Jefferson Borough</label>
    </customValue>
    <customValue>
        <fullName>93</fullName>
        <default>false</default>
        <label>Kennedy Township</label>
    </customValue>
    <customValue>
        <fullName>94</fullName>
        <default>false</default>
        <label>Kilbuck Township</label>
    </customValue>
    <customValue>
        <fullName>95</fullName>
        <default>false</default>
        <label>Knoxville - Pittsburgh</label>
    </customValue>
    <customValue>
        <fullName>96</fullName>
        <default>false</default>
        <label>Larimer - Pittsburgh</label>
    </customValue>
    <customValue>
        <fullName>97</fullName>
        <default>false</default>
        <label>Leet Township</label>
    </customValue>
    <customValue>
        <fullName>98</fullName>
        <default>false</default>
        <label>Leetsdale Borough</label>
    </customValue>
    <customValue>
        <fullName>99</fullName>
        <default>false</default>
        <label>Liberty Borough</label>
    </customValue>
    <customValue>
        <fullName>100</fullName>
        <default>false</default>
        <label>Lincoln Borough</label>
    </customValue>
    <customValue>
        <fullName>101</fullName>
        <default>false</default>
        <label>Lincoln/Lemington/Belmar - Pittsburgh</label>
    </customValue>
    <customValue>
        <fullName>102</fullName>
        <default>false</default>
        <label>Lincoln Place - Pittsburgh</label>
    </customValue>
    <customValue>
        <fullName>103</fullName>
        <default>false</default>
        <label>Manchester - Pittsburgh</label>
    </customValue>
    <customValue>
        <fullName>104</fullName>
        <default>false</default>
        <label>Marshall Township</label>
    </customValue>
    <customValue>
        <fullName>105</fullName>
        <default>false</default>
        <label>Marshall-Shadeland - Pittsburgh</label>
    </customValue>
    <customValue>
        <fullName>106</fullName>
        <default>false</default>
        <label>McCandless Township</label>
    </customValue>
    <customValue>
        <fullName>107</fullName>
        <default>false</default>
        <label>McDonald Borough</label>
    </customValue>
    <customValue>
        <fullName>108</fullName>
        <default>false</default>
        <label>McKees Rocks Borough</label>
    </customValue>
    <customValue>
        <fullName>109</fullName>
        <default>false</default>
        <label>McKeesport City</label>
    </customValue>
    <customValue>
        <fullName>110</fullName>
        <default>false</default>
        <label>Millvale Borough</label>
    </customValue>
    <customValue>
        <fullName>111</fullName>
        <default>false</default>
        <label>Monroeville Borough</label>
    </customValue>
    <customValue>
        <fullName>112</fullName>
        <default>false</default>
        <label>Moon Township</label>
    </customValue>
    <customValue>
        <fullName>113</fullName>
        <default>false</default>
        <label>Morningside - Pittsburgh</label>
    </customValue>
    <customValue>
        <fullName>114</fullName>
        <default>false</default>
        <label>Mount Lebanon Township</label>
    </customValue>
    <customValue>
        <fullName>115</fullName>
        <default>false</default>
        <label>Mount Oliver Borough</label>
    </customValue>
    <customValue>
        <fullName>116</fullName>
        <default>false</default>
        <label>Mount Washington - Pittsburgh</label>
    </customValue>
    <customValue>
        <fullName>117</fullName>
        <default>false</default>
        <label>Munhall Borough</label>
    </customValue>
    <customValue>
        <fullName>118</fullName>
        <default>false</default>
        <label>Neville Township</label>
    </customValue>
    <customValue>
        <fullName>119</fullName>
        <default>false</default>
        <label>North Braddock Borough</label>
    </customValue>
    <customValue>
        <fullName>120</fullName>
        <default>false</default>
        <label>North Fayette Township</label>
    </customValue>
    <customValue>
        <fullName>121</fullName>
        <default>false</default>
        <label>Point Breeze North - Pittsburgh</label>
    </customValue>
    <customValue>
        <fullName>122</fullName>
        <default>false</default>
        <label>North Shore - Pittsburgh</label>
    </customValue>
    <customValue>
        <fullName>123</fullName>
        <default>false</default>
        <label>North Versailles Township</label>
    </customValue>
    <customValue>
        <fullName>124</fullName>
        <default>false</default>
        <label>Northview Heights - Pittsburgh</label>
    </customValue>
    <customValue>
        <fullName>125</fullName>
        <default>false</default>
        <label>Brunots Island - Pittsburgh</label>
    </customValue>
    <customValue>
        <fullName>126</fullName>
        <default>false</default>
        <label>Central Lawrenceville - Pittsburgh</label>
    </customValue>
    <customValue>
        <fullName>127</fullName>
        <default>false</default>
        <label>Central Oakland - Pittsburgh</label>
    </customValue>
    <customValue>
        <fullName>128</fullName>
        <default>false</default>
        <label>Crawford-Roberts - Pittsburgh</label>
    </customValue>
    <customValue>
        <fullName>129</fullName>
        <default>false</default>
        <label>Oakdale Borough</label>
    </customValue>
    <customValue>
        <fullName>130</fullName>
        <default>false</default>
        <label>Oakmont Borough</label>
    </customValue>
    <customValue>
        <fullName>131</fullName>
        <default>false</default>
        <label>Oakwood - Pittsburgh</label>
    </customValue>
    <customValue>
        <fullName>132</fullName>
        <default>false</default>
        <label>O&apos;hara Township</label>
    </customValue>
    <customValue>
        <fullName>133</fullName>
        <default>false</default>
        <label>Ohio Township</label>
    </customValue>
    <customValue>
        <fullName>134</fullName>
        <default>false</default>
        <label>Osborne Borough</label>
    </customValue>
    <customValue>
        <fullName>135</fullName>
        <default>false</default>
        <label>Overbrook - Pittsburgh</label>
    </customValue>
    <customValue>
        <fullName>136</fullName>
        <default>false</default>
        <label>Penn Hills Township</label>
    </customValue>
    <customValue>
        <fullName>137</fullName>
        <default>false</default>
        <label>Pennsbury Village Borough</label>
    </customValue>
    <customValue>
        <fullName>138</fullName>
        <default>false</default>
        <label>Pine Township</label>
    </customValue>
    <customValue>
        <fullName>139</fullName>
        <default>false</default>
        <label>Pitcairn Borough</label>
    </customValue>
    <customValue>
        <fullName>140</fullName>
        <default>false</default>
        <label>Pleasant Hills Borough</label>
    </customValue>
    <customValue>
        <fullName>141</fullName>
        <default>false</default>
        <label>Plum Borough</label>
    </customValue>
    <customValue>
        <fullName>142</fullName>
        <default>false</default>
        <label>Point Breeze - Pittsburgh</label>
    </customValue>
    <customValue>
        <fullName>143</fullName>
        <default>false</default>
        <label>Port Vue Borough</label>
    </customValue>
    <customValue>
        <fullName>144</fullName>
        <default>false</default>
        <label>Rankin Borough</label>
    </customValue>
    <customValue>
        <fullName>145</fullName>
        <default>false</default>
        <label>Regent Square - Pittsburgh</label>
    </customValue>
    <customValue>
        <fullName>146</fullName>
        <default>false</default>
        <label>Reserve Township</label>
    </customValue>
    <customValue>
        <fullName>147</fullName>
        <default>false</default>
        <label>Richland Township</label>
    </customValue>
    <customValue>
        <fullName>148</fullName>
        <default>false</default>
        <label>Robinson Township</label>
    </customValue>
    <customValue>
        <fullName>149</fullName>
        <default>false</default>
        <label>Ross Township</label>
    </customValue>
    <customValue>
        <fullName>150</fullName>
        <default>false</default>
        <label>Rosslyn Farms Borough</label>
    </customValue>
    <customValue>
        <fullName>151</fullName>
        <default>false</default>
        <label>Scott Township</label>
    </customValue>
    <customValue>
        <fullName>152</fullName>
        <default>false</default>
        <label>Sewickley Borough</label>
    </customValue>
    <customValue>
        <fullName>153</fullName>
        <default>false</default>
        <label>Sewickley Heights Borough</label>
    </customValue>
    <customValue>
        <fullName>154</fullName>
        <default>false</default>
        <label>Sewickley Hills Borough</label>
    </customValue>
    <customValue>
        <fullName>155</fullName>
        <default>false</default>
        <label>Shadyside - Pittsburgh</label>
    </customValue>
    <customValue>
        <fullName>156</fullName>
        <default>false</default>
        <label>Shaler Township</label>
    </customValue>
    <customValue>
        <fullName>157</fullName>
        <default>false</default>
        <label>Sharpsburg Borough</label>
    </customValue>
    <customValue>
        <fullName>158</fullName>
        <default>false</default>
        <label>Sheraden - Pittsburgh</label>
    </customValue>
    <customValue>
        <fullName>159</fullName>
        <default>false</default>
        <label>South Fayette Township</label>
    </customValue>
    <customValue>
        <fullName>160</fullName>
        <default>false</default>
        <label>South Park Township</label>
    </customValue>
    <customValue>
        <fullName>161</fullName>
        <default>false</default>
        <label>South Versailles Township</label>
    </customValue>
    <customValue>
        <fullName>162</fullName>
        <default>false</default>
        <label>Spring Garden - Pittsburgh</label>
    </customValue>
    <customValue>
        <fullName>163</fullName>
        <default>false</default>
        <label>Spring Hill/City View - Pittsburgh</label>
    </customValue>
    <customValue>
        <fullName>164</fullName>
        <default>false</default>
        <label>Springdale Borough</label>
    </customValue>
    <customValue>
        <fullName>165</fullName>
        <default>false</default>
        <label>St. Clair - Pittsburgh</label>
    </customValue>
    <customValue>
        <fullName>166</fullName>
        <default>false</default>
        <label>Golden Triangle - Pittsburgh</label>
    </customValue>
    <customValue>
        <fullName>168</fullName>
        <default>false</default>
        <label>Homestead North - Pittsburgh</label>
    </customValue>
    <customValue>
        <fullName>169</fullName>
        <default>false</default>
        <label>Homestead South - Pittsburgh</label>
    </customValue>
    <customValue>
        <fullName>170</fullName>
        <default>false</default>
        <label>Homestead West - Pittsburgh</label>
    </customValue>
    <customValue>
        <fullName>171</fullName>
        <default>false</default>
        <label>Lower Lawrenceville - Pittsburgh</label>
    </customValue>
    <customValue>
        <fullName>172</fullName>
        <default>false</default>
        <label>Stanton Heights - Pittsburgh</label>
    </customValue>
    <customValue>
        <fullName>173</fullName>
        <default>false</default>
        <label>Stowe Township</label>
    </customValue>
    <customValue>
        <fullName>174</fullName>
        <default>false</default>
        <label>Strip District - Pittsburgh</label>
    </customValue>
    <customValue>
        <fullName>175</fullName>
        <default>false</default>
        <label>Summer Hill - Pittsburgh</label>
    </customValue>
    <customValue>
        <fullName>176</fullName>
        <default>false</default>
        <label>Swisshelm Park - Pittsburgh</label>
    </customValue>
    <customValue>
        <fullName>177</fullName>
        <default>false</default>
        <label>Swissvale Borough</label>
    </customValue>
    <customValue>
        <fullName>178</fullName>
        <default>false</default>
        <label>Tarentum Borough</label>
    </customValue>
    <customValue>
        <fullName>179</fullName>
        <default>false</default>
        <label>Thornburg Borough</label>
    </customValue>
    <customValue>
        <fullName>180</fullName>
        <default>false</default>
        <label>Trafford Borough</label>
    </customValue>
    <customValue>
        <fullName>181</fullName>
        <default>false</default>
        <label>Troy Hill - Pittsburgh</label>
    </customValue>
    <customValue>
        <fullName>182</fullName>
        <default>false</default>
        <label>Turtle Creek Borough</label>
    </customValue>
    <customValue>
        <fullName>183</fullName>
        <default>false</default>
        <label>Upper St. Clair Township</label>
    </customValue>
    <customValue>
        <fullName>184</fullName>
        <default>false</default>
        <label>Verona Borough</label>
    </customValue>
    <customValue>
        <fullName>185</fullName>
        <default>false</default>
        <label>Versailles Borough</label>
    </customValue>
    <customValue>
        <fullName>186</fullName>
        <default>false</default>
        <label>Wall Borough</label>
    </customValue>
    <customValue>
        <fullName>187</fullName>
        <default>false</default>
        <label>West Deer Township</label>
    </customValue>
    <customValue>
        <fullName>188</fullName>
        <default>false</default>
        <label>West Elizabeth Borough</label>
    </customValue>
    <customValue>
        <fullName>189</fullName>
        <default>false</default>
        <label>West End - Pittsburgh</label>
    </customValue>
    <customValue>
        <fullName>190</fullName>
        <default>false</default>
        <label>West Homestead Borough</label>
    </customValue>
    <customValue>
        <fullName>191</fullName>
        <default>false</default>
        <label>West Mifflin Borough</label>
    </customValue>
    <customValue>
        <fullName>192</fullName>
        <default>false</default>
        <label>West View Borough</label>
    </customValue>
    <customValue>
        <fullName>193</fullName>
        <default>false</default>
        <label>Westwood - Pittsburgh</label>
    </customValue>
    <customValue>
        <fullName>194</fullName>
        <default>false</default>
        <label>Whitaker Borough</label>
    </customValue>
    <customValue>
        <fullName>195</fullName>
        <default>false</default>
        <label>White Oak Borough</label>
    </customValue>
    <customValue>
        <fullName>196</fullName>
        <default>false</default>
        <label>Whitehall Borough</label>
    </customValue>
    <customValue>
        <fullName>197</fullName>
        <default>false</default>
        <label>Wilkins Township</label>
    </customValue>
    <customValue>
        <fullName>198</fullName>
        <default>false</default>
        <label>Wilkinsburg Borough</label>
    </customValue>
    <customValue>
        <fullName>199</fullName>
        <default>false</default>
        <label>Wilmerding Borough</label>
    </customValue>
    <customValue>
        <fullName>200</fullName>
        <default>false</default>
        <label>Windgap - Pittsburgh</label>
    </customValue>
    <customValue>
        <fullName>201</fullName>
        <default>false</default>
        <label>Elizabeth Township</label>
    </customValue>
    <customValue>
        <fullName>202</fullName>
        <default>false</default>
        <label>Baldwin Township</label>
    </customValue>
    <customValue>
        <fullName>203</fullName>
        <default>false</default>
        <label>Springdale Township</label>
    </customValue>
    <customValue>
        <fullName>204</fullName>
        <default>false</default>
        <label>Middle Hill - Pittsburgh</label>
    </customValue>
    <customValue>
        <fullName>205</fullName>
        <default>false</default>
        <label>Mount Oliver - Neighborhood</label>
    </customValue>
    <customValue>
        <fullName>206</fullName>
        <default>false</default>
        <label>New Homestead - Pittsburgh</label>
    </customValue>
    <customValue>
        <fullName>207</fullName>
        <default>false</default>
        <label>North Oakland - Pittsburgh</label>
    </customValue>
    <customValue>
        <fullName>208</fullName>
        <default>false</default>
        <label>Perry North</label>
    </customValue>
    <customValue>
        <fullName>209</fullName>
        <default>false</default>
        <label>Perry South</label>
    </customValue>
    <customValue>
        <fullName>210</fullName>
        <default>false</default>
        <label>Polish Hill - Pittsburgh</label>
    </customValue>
    <customValue>
        <fullName>211</fullName>
        <default>false</default>
        <label>Ridgemont - Pittsburgh</label>
    </customValue>
    <customValue>
        <fullName>212</fullName>
        <default>false</default>
        <label>South Oakland - Pittsburgh</label>
    </customValue>
    <customValue>
        <fullName>213</fullName>
        <default>false</default>
        <label>South Shore - Pittsburgh</label>
    </customValue>
    <customValue>
        <fullName>214</fullName>
        <default>false</default>
        <label>South Side Flats - Pittsburgh</label>
    </customValue>
    <customValue>
        <fullName>215</fullName>
        <default>false</default>
        <label>South Side Slopes - Pittsburgh</label>
    </customValue>
    <customValue>
        <fullName>216</fullName>
        <default>false</default>
        <label>Squirrel Hill North - Pittsburgh</label>
    </customValue>
    <customValue>
        <fullName>217</fullName>
        <default>false</default>
        <label>Squirrel Hill South - Pittsburgh</label>
    </customValue>
    <customValue>
        <fullName>218</fullName>
        <default>false</default>
        <label>Terrace Village - Pittsburgh</label>
    </customValue>
    <customValue>
        <fullName>219</fullName>
        <default>false</default>
        <label>Upper Hill - Pittsburgh</label>
    </customValue>
    <customValue>
        <fullName>220</fullName>
        <default>false</default>
        <label>Upper Lawrenceville - Pittsburgh</label>
    </customValue>
    <customValue>
        <fullName>221</fullName>
        <default>false</default>
        <label>Waterworks - Pittsburgh</label>
    </customValue>
    <customValue>
        <fullName>222</fullName>
        <default>false</default>
        <label>West Oakland - Pittsburgh</label>
    </customValue>
    <customValue>
        <fullName>223</fullName>
        <default>false</default>
        <label>Out of County</label>
    </customValue>
    <customValue>
        <fullName>224</fullName>
        <default>false</default>
        <label>Allegheny County - Unknown</label>
    </customValue>
    <customValue>
        <fullName>225</fullName>
        <default>false</default>
        <label>Homewood North</label>
    </customValue>
    <customValue>
        <fullName>226</fullName>
        <default>false</default>
        <label>Homewood South</label>
    </customValue>
    <customValue>
        <fullName>227</fullName>
        <default>false</default>
        <label>Homewood West</label>
    </customValue>
    <masterLabel>Muncipality</masterLabel>
    <sorted>false</sorted>
</GlobalValueSet>
