<?xml version="1.0" encoding="UTF-8"?>
<GlobalValueSet xmlns="http://soap.sforce.com/2006/04/metadata">
    <customValue>
        <fullName>1</fullName>
        <default>false</default>
        <label>Allegheny County</label>
    </customValue>
    <customValue>
        <fullName>2</fullName>
        <default>false</default>
        <label>City of Pittsburgh</label>
    </customValue>
    <customValue>
        <fullName>3</fullName>
        <default>false</default>
        <label>Out Of County</label>
    </customValue>
    <customValue>
        <fullName>4</fullName>
        <default>false</default>
        <label>Address Not Volunteered by Recipient</label>
    </customValue>
    <masterLabel>Residency</masterLabel>
    <sorted>false</sorted>
</GlobalValueSet>
