<?xml version="1.0" encoding="UTF-8"?>
<GlobalValueSet xmlns="http://soap.sforce.com/2006/04/metadata">
    <customValue>
        <fullName>Aging</fullName>
        <default>false</default>
        <label>Aging</label>
    </customValue>
    <customValue>
        <fullName>Child Welfare</fullName>
        <default>false</default>
        <label>Child Welfare</label>
    </customValue>
    <customValue>
        <fullName>Criminal Justice</fullName>
        <default>false</default>
        <label>Criminal Justice</label>
    </customValue>
    <customValue>
        <fullName>Developmental Disabilities</fullName>
        <default>false</default>
        <label>Developmental Disabilities</label>
    </customValue>
    <customValue>
        <fullName>Drug and Alcohol</fullName>
        <default>false</default>
        <label>Drug and Alcohol</label>
    </customValue>
    <customValue>
        <fullName>Education</fullName>
        <default>false</default>
        <label>Education</label>
    </customValue>
    <customValue>
        <fullName>Homelessness</fullName>
        <default>false</default>
        <label>Homelessness</label>
    </customValue>
    <customValue>
        <fullName>Legal</fullName>
        <default>false</default>
        <label>Legal</label>
    </customValue>
    <customValue>
        <fullName>Medical</fullName>
        <default>false</default>
        <label>Medical</label>
    </customValue>
    <customValue>
        <fullName>Mental Health</fullName>
        <default>false</default>
        <label>Mental Health</label>
    </customValue>
    <customValue>
        <fullName>Peer Support</fullName>
        <default>false</default>
        <label>Peer Support</label>
    </customValue>
    <customValue>
        <fullName>Service Coordination</fullName>
        <default>false</default>
        <label>Service Coordination</label>
    </customValue>
    <masterLabel>Service Category</masterLabel>
    <sorted>false</sorted>
</GlobalValueSet>
