<?xml version="1.0" encoding="UTF-8"?>
<LightningComponentBundle xmlns="http://soap.sforce.com/2006/04/metadata">
    <apiVersion>51.0</apiVersion>
    <isExposed>true</isExposed>
    <targets>
        <target>lightning__AppPage</target>
        <target>lightning__RecordPage</target>
        <target>lightning__HomePage</target>
        <!-- <target>lightning__QuickAction</target> --><target>lightningCommunity__Page</target>
        <target>lightningCommunity__Default</target>
    </targets>
    <targetConfigs>
        <targetConfig targets="lightning__RecordPage">
            <objects>
                <object>Client__c</object>
            </objects>
        </targetConfig>
        <targetConfig targets="lightningCommunity__Default">
            <property name="recordId" type="String" label="Record ID" description="Should be set to {!recordId}"/>
        </targetConfig>
    </targetConfigs>
</LightningComponentBundle>