<?xml version="1.0" encoding="UTF-8"?>
<CustomMetadata xmlns="http://soap.sforce.com/2006/04/metadata" xmlns:xsi="http://www.w3.org/2001/XMLSchema-instance" xmlns:xsd="http://www.w3.org/2001/XMLSchema">
    <label>Consent</label>
    <protected>false</protected>
    <values>
        <field>Help_Text_Value__c</field>
        <value xsi:type="xsd:string">Authorization from the client(s) to acknowledge or allow certain activities (participation in services, photographs, transportation, etc.).</value>
    </values>
</CustomMetadata>
