<?xml version="1.0" encoding="UTF-8"?>
<CustomMetadata xmlns="http://soap.sforce.com/2006/04/metadata" xmlns:xsi="http://www.w3.org/2001/XMLSchema-instance" xmlns:xsd="http://www.w3.org/2001/XMLSchema">
    <label>Verification</label>
    <protected>false</protected>
    <values>
        <field>Help_Text_Value__c</field>
        <value xsi:type="xsd:string">Proof or documentation about the client(s) (identification, income, address, household members, etc.)</value>
    </values>
</CustomMetadata>
