<?xml version="1.0" encoding="UTF-8"?>
<CustomMetadata xmlns="http://soap.sforce.com/2006/04/metadata" xmlns:xsi="http://www.w3.org/2001/XMLSchema-instance" xmlns:xsd="http://www.w3.org/2001/XMLSchema">
    <label>Service Contact Trigger</label>
    <protected>false</protected>
    <values>
        <field>Helper_Class__c</field>
        <value xsi:type="xsd:string">ServiceContactTriggerHelper</value>
    </values>
    <values>
        <field>Object_Name__c</field>
        <value xsi:type="xsd:string">Service_Contact__c</value>
    </values>
    <values>
        <field>isActive__c</field>
        <value xsi:type="xsd:boolean">true</value>
    </values>
</CustomMetadata>
