<?xml version="1.0" encoding="UTF-8"?>
<DuplicateRule xmlns="http://soap.sforce.com/2006/04/metadata" xmlns:xsi="http://www.w3.org/2001/XMLSchema-instance">
    <actionOnInsert>Block</actionOnInsert>
    <actionOnUpdate>Block</actionOnUpdate>
    <alertText>Use one of these records?</alertText>
    <description xsi:nil="true"/>
    <duplicateRuleFilter xsi:nil="true"/>
    <duplicateRuleMatchRules>
        <matchRuleSObjectType>Client__c</matchRuleSObjectType>
        <matchingRule>Client_SSN</matchingRule>
        <objectMapping xsi:nil="true"/>
    </duplicateRuleMatchRules>
    <isActive>true</isActive>
    <masterLabel>Client SSN</masterLabel>
    <securityOption>EnforceSharingRules</securityOption>
    <sortOrder>2</sortOrder>
</DuplicateRule>
