<?xml version="1.0" encoding="UTF-8"?>
<CustomLabels xmlns="http://soap.sforce.com/2006/04/metadata">
    <labels>
        <fullName>ACDHS</fullName>
        <language>en_US</language>
        <protected>false</protected>
        <shortDescription>ACDHS</shortDescription>
        <value>0013R000002kZonQAE</value>
    </labels>
    <labels>
        <fullName>Allegheny_MCI_UserInfo</fullName>
        <categories>MCI</categories>
        <language>en_US</language>
        <protected>false</protected>
        <shortDescription>Allegheny MCI UserInfo</shortDescription>
        <value>https://alleghenycounty-demo.oktapreview.com/oauth2/ausn4n76zqvelHaPb0h7/v1/userinfo</value>
    </labels>
    <labels>
        <fullName>Delete_Record_Owner</fullName>
        <language>en_US</language>
        <protected>false</protected>
        <shortDescription>Delete Record Owner</shortDescription>
        <value>0058y000000HgcUAAS</value>
    </labels>
    <labels>
        <fullName>MCI_New_Client_Min_Score</fullName>
        <language>en_US</language>
        <protected>false</protected>
        <shortDescription>MCI New Client Min Score</shortDescription>
        <value>95</value>
    </labels>
    <labels>
        <fullName>Portal_URL</fullName>
        <language>en_US</language>
        <protected>false</protected>
        <shortDescription>Portal URL</shortDescription>
        <value>https://phase2dev-ac-cmis.cs132.force.com/portal/s</value>
    </labels>
</CustomLabels>
