<?xml version="1.0" encoding="UTF-8"?>
<FlexiPage xmlns="http://soap.sforce.com/2006/04/metadata">
    <flexiPageRegions>
        <componentInstances>
            <componentInstanceProperties>
                <name>collapsed</name>
                <value>false</value>
            </componentInstanceProperties>
            <componentInstanceProperties>
                <name>enableActionsConfiguration</name>
                <value>false</value>
            </componentInstanceProperties>
            <componentInstanceProperties>
                <name>enableActionsInNative</name>
                <value>false</value>
            </componentInstanceProperties>
            <componentInstanceProperties>
                <name>hideChatterActions</name>
                <value>false</value>
            </componentInstanceProperties>
            <componentInstanceProperties>
                <name>numVisibleActions</name>
                <value>5</value>
            </componentInstanceProperties>
            <componentName>force:highlightsPanel</componentName>
        </componentInstances>
        <name>header</name>
        <type>Region</type>
    </flexiPageRegions>
    <flexiPageRegions>
        <componentInstances>
            <componentName>force:detailPanel</componentName>
        </componentInstances>
        <name>detailTabContent</name>
        <type>Facet</type>
    </flexiPageRegions>
    <flexiPageRegions>
        <componentInstances>
            <componentInstanceProperties>
                <name>parentFieldApiName</name>
                <value>Client__c.Id</value>
            </componentInstanceProperties>
            <componentInstanceProperties>
                <name>relatedListApiName</name>
                <value>Client_Referrals__r</value>
            </componentInstanceProperties>
            <componentInstanceProperties>
                <name>relatedListComponentOverride</name>
                <value>ADVGRID</value>
            </componentInstanceProperties>
            <componentInstanceProperties>
                <name>rowsToDisplay</name>
                <value>10</value>
            </componentInstanceProperties>
            <componentInstanceProperties>
                <name>showActionBar</name>
                <value>true</value>
            </componentInstanceProperties>
            <componentName>force:relatedListSingleContainer</componentName>
        </componentInstances>
        <name>relatedTabContent</name>
        <type>Facet</type>
    </flexiPageRegions>
    <flexiPageRegions>
        <componentInstances>
            <componentInstanceProperties>
                <name>parentFieldApiName</name>
                <value>Client__c.Id</value>
            </componentInstanceProperties>
            <componentInstanceProperties>
                <name>relatedListApiName</name>
                <value>Junction_Services__r</value>
            </componentInstanceProperties>
            <componentInstanceProperties>
                <name>relatedListComponentOverride</name>
                <value>NONE</value>
            </componentInstanceProperties>
            <componentName>force:relatedListSingleContainer</componentName>
        </componentInstances>
        <name>Facet-b3ce69cd-3bd0-4681-90ab-bf542aadf02c</name>
        <type>Facet</type>
    </flexiPageRegions>
    <flexiPageRegions>
        <componentInstances>
            <componentInstanceProperties>
                <name>active</name>
                <value>true</value>
            </componentInstanceProperties>
            <componentInstanceProperties>
                <name>body</name>
                <value>detailTabContent</value>
            </componentInstanceProperties>
            <componentInstanceProperties>
                <name>title</name>
                <value>Standard.Tab.detail</value>
            </componentInstanceProperties>
            <componentName>flexipage:tab</componentName>
        </componentInstances>
        <componentInstances>
            <componentInstanceProperties>
                <name>body</name>
                <value>relatedTabContent</value>
            </componentInstanceProperties>
            <componentInstanceProperties>
                <name>title</name>
                <value>Referrals</value>
            </componentInstanceProperties>
            <componentName>flexipage:tab</componentName>
        </componentInstances>
        <componentInstances>
            <componentInstanceProperties>
                <name>body</name>
                <value>Facet-b3ce69cd-3bd0-4681-90ab-bf542aadf02c</value>
            </componentInstanceProperties>
            <componentInstanceProperties>
                <name>title</name>
                <value>Services</value>
            </componentInstanceProperties>
            <componentName>flexipage:tab</componentName>
        </componentInstances>
        <name>maintabs</name>
        <type>Facet</type>
    </flexiPageRegions>
    <flexiPageRegions>
        <componentInstances>
            <componentInstanceProperties>
                <name>tabs</name>
                <value>maintabs</value>
            </componentInstanceProperties>
            <componentName>flexipage:tabset</componentName>
        </componentInstances>
        <name>main</name>
        <type>Region</type>
    </flexiPageRegions>
    <flexiPageRegions>
        <componentInstances>
            <componentName>launch_mci_clearance</componentName>
        </componentInstances>
        <componentInstances>
            <componentInstanceProperties>
                <name>parentFieldApiName</name>
                <value>Client__c.Id</value>
            </componentInstanceProperties>
            <componentInstanceProperties>
                <name>relatedListApiName</name>
                <value>Account_Clients__r</value>
            </componentInstanceProperties>
            <componentInstanceProperties>
                <name>relatedListComponentOverride</name>
                <value>NONE</value>
            </componentInstanceProperties>
            <componentInstanceProperties>
                <name>rowsToDisplay</name>
                <value>10</value>
            </componentInstanceProperties>
            <componentInstanceProperties>
                <name>showActionBar</name>
                <value>true</value>
            </componentInstanceProperties>
            <componentName>force:relatedListSingleContainer</componentName>
        </componentInstances>
        <componentInstances>
            <componentInstanceProperties>
                <name>parentFieldApiName</name>
                <value>Client__c.Id</value>
            </componentInstanceProperties>
            <componentInstanceProperties>
                <name>relatedListApiName</name>
                <value>Relationships__r</value>
            </componentInstanceProperties>
            <componentInstanceProperties>
                <name>relatedListComponentOverride</name>
                <value>NONE</value>
            </componentInstanceProperties>
            <componentInstanceProperties>
                <name>rowsToDisplay</name>
                <value>10</value>
            </componentInstanceProperties>
            <componentInstanceProperties>
                <name>showActionBar</name>
                <value>true</value>
            </componentInstanceProperties>
            <componentName>force:relatedListSingleContainer</componentName>
        </componentInstances>
        <name>sidebar</name>
        <type>Region</type>
    </flexiPageRegions>
    <masterLabel>Client Record Page</masterLabel>
    <sobjectType>Client__c</sobjectType>
    <template>
        <name>flexipage:recordHomeTemplateDesktop</name>
    </template>
    <type>RecordPage</type>
</FlexiPage>
